<?xml version="1.0" encoding="UTF-8"?>
<project-private xmlns="http://www.netbeans.org/ns/project-private/1">
    <editor-bookmarks xmlns="http://www.netbeans.org/ns/editor-bookmarks/2" lastBookmarkId="0"/>
    <open-files xmlns="http://www.netbeans.org/ns/projectui-open-files/2">
        <group>
            <file>file:/C:/Users/OROZCO/Documents/NetBeansProjects/Ruleta_practica/src/ruleta_practica/Nodo.java</file>
            <file>file:/C:/Users/OROZCO/Documents/NetBeansProjects/Ruleta_practica/src/ruleta_practica/Lista.java</file>
            <file>file:/C:/Users/OROZCO/Documents/NetBeansProjects/Ruleta_practica/src/ruleta_practica/Ruleta_practica.java</file>
            <file>file:/C:/Users/OROZCO/Documents/NetBeansProjects/Ruleta_practica/src/ruleta_practica/Jugadores.java</file>
            <file>file:/C:/Users/OROZCO/Documents/NetBeansProjects/Ruleta_practica/src/ruleta_practica/Personas.java</file>
        </group>
    </open-files>
</project-private>
